date,view
2022-06-22,364
2022-06-23,226
2022-06-24,331
2022-06-25,334
2022-06-26,285
2022-06-27,247
2022-06-28,342
2022-06-29,245
2022-06-30,262
2022-07-01,249
2022-07-02,257
2022-07-03,259
2022-07-04,268
2022-07-05,268
2022-07-06,232
2022-07-07,238
2022-07-08,211
2022-07-09,229
2022-07-10,295
2022-07-11,232
2022-07-12,257
2022-07-13,210
2022-07-14,253
2022-07-15,229
2022-07-16,242
2022-07-17,253
2022-07-18,186
2022-07-19,248
2022-07-20,273
2022-07-21,265
2022-07-22,208
2022-07-23,305
2022-07-24,193
2022-07-25,221
2022-07-26,229
2022-07-27,271
2022-07-28,251
2022-07-29,191
2022-07-30,227
2022-07-31,133
2022-08-01,227
2022-08-02,241
2022-08-03,211
2022-08-04,200
2022-08-05,177
2022-08-06,206
2022-08-07,197
2022-08-08,218
2022-08-09,181
2022-08-10,234
2022-08-11,209
2022-08-12,195
2022-08-13,212
2022-08-14,188
2022-08-15,210
2022-08-16,214
2022-08-17,251
2022-08-18,218
2022-08-19,175
2022-08-20,259
2022-08-21,230
2022-08-22,253
2022-08-23,262
2022-08-24,227
2022-08-25,248
2022-08-26,229
2022-08-27,337
2022-08-28,249
2022-08-29,245
2022-08-30,239
2022-08-31,175
2022-09-01,167
2022-09-02,193
2022-09-03,193
2022-09-04,258
2022-09-05,284
2022-09-06,307
2022-09-07,346
2022-09-08,350
2022-09-09,295
2022-09-10,287
2022-09-11,313
2022-09-12,322
2022-09-13,324
2022-09-14,313
2022-09-15,332
2022-09-16,324
2022-09-17,229
2022-09-18,237
2022-09-19,312
2022-09-20,238
2022-09-21,317
2022-09-22,217
2022-09-23,227
2022-09-24,201
2022-09-25,239
2022-09-26,216
2022-09-27,262
2022-09-28,272
2022-09-29,289
2022-09-30,212
2022-10-01,221
2022-10-02,259
2022-10-03,414
2022-10-04,217
2022-10-05,270
2022-10-06,256
2022-10-07,168
2022-10-08,226
2022-10-09,236
2022-10-10,290
2022-10-11,267
2022-10-12,286
2022-10-13,279
2022-10-14,251
2022-10-15,187
2022-10-16,265
2022-10-17,254
2022-10-18,205
2022-10-19,279
2022-10-20,318
2022-10-21,236
2022-10-22,235
2022-10-23,350
2022-10-24,261
2022-10-25,289
2022-10-26,260
2022-10-27,319
2022-10-28,320
2022-10-29,246
2022-10-30,290
2022-10-31,291
2022-11-01,257
2022-11-02,265
2022-11-03,263
2022-11-04,269
2022-11-05,296
2022-11-06,316
2022-11-07,272
2022-11-08,357
2022-11-09,349
2022-11-10,272
2022-11-11,252
2022-11-12,243
2022-11-13,246
2022-11-14,274
2022-11-15,351
2022-11-16,360
2022-11-17,308
2022-11-18,277
2022-11-19,301
2022-11-20,371
2022-11-21,277
2022-11-22,315
2022-11-23,288
2022-11-24,353
2022-11-25,290
2022-11-26,240
2022-11-27,318
2022-11-28,346
2022-11-29,317
2022-11-30,304
2022-12-01,301
2022-12-02,261
2022-12-03,228
2022-12-04,271
2022-12-05,266
2022-12-06,298
2022-12-07,279
2022-12-08,268
2022-12-09,273
2022-12-10,266
2022-12-11,256
2022-12-12,314
2022-12-13,273
2022-12-14,333
2022-12-15,261
2022-12-16,268
2022-12-17,217
2022-12-18,266
2022-12-19,271
2022-12-20,329
2022-12-21,303
2022-12-22,257
2022-12-23,296
2022-12-24,284
2022-12-25,298
2022-12-26,253
2022-12-27,409
2022-12-28,254
2022-12-29,333
2022-12-30,386
2022-12-31,205
2023-01-01,238
2023-01-02,1666
2023-01-03,294
2023-01-04,234
2023-01-05,229
2023-01-06,205
2023-01-07,183
2023-01-08,228
2023-01-09,205
2023-01-10,237
2023-01-11,174
2023-01-12,222
2023-01-13,176
2023-01-14,164
2023-01-15,145
2023-01-16,155
2023-01-17,129
2023-01-18,141
2023-01-19,86
2023-01-20,153
2023-01-21,136
2023-01-22,152
2023-01-23,133
2023-01-24,129
2023-01-25,127
2023-01-26,160
2023-01-27,202
2023-01-28,144
2023-01-29,159
2023-01-30,193
2023-01-31,196
2023-02-01,187
2023-02-02,220
2023-02-03,202
2023-02-04,188
2023-02-05,217
2023-02-06,204
2023-02-07,238
2023-02-08,239
2023-02-09,340
2023-02-10,200
2023-02-11,221
2023-02-12,243
2023-02-13,279
2023-02-14,269
2023-02-15,291
2023-02-16,263
2023-02-17,215
2023-02-18,270
2023-02-19,267
2023-02-20,213
2023-02-21,239
2023-02-22,231
2023-02-23,245
2023-02-24,286
2023-02-25,301
2023-02-26,222
2023-02-27,230
2023-02-28,275
2023-03-01,246
2023-03-02,247
2023-03-03,220
2023-03-04,204
2023-03-05,273
2023-03-06,648
2023-03-07,236
2023-03-08,524
2023-03-09,316
2023-03-10,208
2023-03-11,262
2023-03-12,595
2023-03-13,253
2023-03-14,444
2023-03-15,1240
2023-03-16,284
2023-03-17,349
2023-03-18,253
2023-03-19,275
2023-03-20,438
2023-03-21,317
2023-03-22,312
2023-03-23,294
2023-03-24,190
2023-03-25,250
2023-03-26,291
2023-03-27,388
2023-03-28,303
2023-03-29,300
2023-03-30,316
2023-03-31,333
2023-04-01,300
2023-04-02,272
2023-04-03,305
2023-04-04,293
2023-04-05,276
2023-04-06,302
2023-04-07,183
2023-04-08,215
2023-04-09,331
2023-04-10,254
2023-04-11,256
2023-04-12,238
2023-04-13,292
2023-04-14,237
2023-04-15,203
2023-04-16,202
2023-04-17,259
2023-04-18,227
2023-04-19,248
2023-04-20,252
2023-04-21,236
2023-04-22,226
2023-04-23,233
2023-04-24,280
2023-04-25,198
2023-04-26,181
2023-04-27,244
2023-04-28,134
2023-04-29,167
2023-04-30,163
2023-05-01,156
2023-05-02,192
2023-05-03,189
2023-05-04,141
2023-05-05,224
2023-05-06,224
2023-05-07,231
2023-05-08,232
2023-05-09,165
2023-05-10,199
2023-05-11,209
2023-05-12,214
2023-05-13,246
2023-05-14,206
2023-05-15,264
2023-05-16,286
2023-05-17,480
2023-05-18,230
2023-05-19,248
2023-05-20,219
2023-05-21,251
2023-05-22,284
2023-05-23,255
2023-05-24,200
2023-05-25,218
2023-05-26,146
2023-05-27,233
2023-05-28,225
2023-05-29,261
2023-05-30,200
2023-05-31,192
2023-06-01,191
2023-06-02,191
2023-06-03,179
2023-06-04,210
2023-06-05,277
2023-06-06,284
2023-06-07,188
2023-06-08,206
2023-06-09,153
2023-06-10,185
2023-06-11,199
2023-06-12,176
2023-06-13,198
2023-06-14,222
2023-06-15,178
2023-06-16,186
2023-06-17,226
2023-06-18,216
2023-06-19,233
2023-06-20,254
2023-06-21,172
2023-06-22,186
2023-06-23,170
2023-06-24,163
2023-06-25,187
2023-06-26,220
2023-06-27,217
2023-06-28,184
2023-06-29,159
2023-06-30,175
2023-07-01,183
2023-07-02,171
2023-07-03,218
2023-07-04,226
2023-07-05,214
2023-07-06,161
2023-07-07,209
2023-07-08,179
2023-07-09,218
2023-07-10,249
2023-07-11,238
2023-07-12,235
2023-07-13,204
2023-07-14,219
2023-07-15,167
2023-07-16,209
2023-07-17,178
2023-07-18,219
2023-07-19,193
2023-07-20,193
2023-07-21,191
2023-07-22,189
2023-07-23,208
2023-07-24,155
2023-07-25,204
2023-07-26,153
2023-07-27,173
2023-07-28,189
2023-07-29,163
2023-07-30,178
2023-07-31,210
2023-08-01,216
2023-08-02,153
2023-08-03,164
2023-08-04,140
2023-08-05,181
2023-08-06,205
2023-08-07,197
2023-08-08,220
2023-08-09,201
2023-08-10,201
2023-08-11,169
2023-08-12,164
2023-08-13,198
2023-08-14,155
2023-08-15,155
2023-08-16,172
2023-08-17,175
2023-08-18,146
2023-08-19,166
2023-08-20,148
2023-08-21,177
2023-08-22,164
2023-08-23,214
2023-08-24,255
2023-08-25,189
2023-08-26,213
2023-08-27,235
2023-08-28,229
2023-08-29,192
2023-08-30,158
2023-08-31,160
2023-09-01,198
2023-09-02,132
2023-09-03,168
2023-09-04,185
2023-09-05,179
2023-09-06,168
2023-09-07,170
2023-09-08,181
2023-09-09,153
2023-09-10,174
2023-09-11,221
2023-09-12,231
2023-09-13,194
2023-09-14,197
2023-09-15,156
2023-09-16,171
2023-09-17,221
2023-09-18,258
2023-09-19,210
2023-09-20,231
2023-09-21,207
2023-09-22,171
2023-09-23,172
2023-09-24,213
2023-09-25,209
2023-09-26,179
2023-09-27,205
2023-09-28,247
2023-09-29,192
2023-09-30,186
2023-10-01,193
2023-10-02,210
2023-10-03,229
2023-10-04,199
2023-10-05,244
2023-10-06,181
